000.kml,SD000600,NL500750,NZ930300,HY790600
005.kml,HY390150,HY790600
006.kml,ND210950,HY610400
006sub1.kml,HX610230,HX640250
006sub2.kml,HX550170,HX580190
007.kml,ND100610,HY500060
009.kml,NC100350,NC500800
010.kml,NC500350,NC900800
011.kml,NC900350,ND300800
012.kml,NA900000,NB300450
012sub1.kml,NA670440,NA760480
012sub2.kml,NA860100,NA900130
014.kml,NC350000,NC750450
015.kml,NC650000,ND050450
016.kml,ND000160,ND400610
017.kml,NF650580,NB050030
017sub1.kml,NF050960,NA170070
017sub2.kml,NF590800,NF640840
021.kml,NH350650,NC750100
022.kml,NC600100,NH990650
023.kml,NF550200,NF950650
025.kml,NG400200,NG800650
029.kml,NH950300,NJ350750
030.kml,NJ350300,NJ750750
031.kml,NJ750300,NK150750
032.kml,NL500750,NF900200
039.kml,NO250900,NJ650350
042.kml,NJ250150,NO650700
043.kml,NO550950,NO950500
044.kml,NL930300,NM330750,NL900500
048.kml,NN530300,NN930750
053.kml,NN050300,NS450850
058.kml,NR550850,NR950400
065.kml,NR550000,NR950450
067.kml,NX300950,NS700400
072.kml,NW950750,NS350200
073.kml,NX300500,NX700950
074.kml,NX700500,NY100950
075.kml,NX930950,NY330500
084.kml,NY730050,NZ130500
086.kml,SE530850,NZ930300
088.kml,SD000600,NY400050
092.kml,SE500600,NZ900050
169Guildford.kml,SU930380,TQ030540
184Ashford.kml,TQ910370,TR070480

